job_id,slug,title,company,salary,job_type,job_level,experience,education,industry,location,language,available_positions,skills,gender,age,published_at,closing_at,description,requirements,responsibilities,how_to_apply,url
1183,1183,Data Entry Specialist (JB-1097),LIVE. by Wonderpass,$150 ~ $200,Full Time,Internship,No Experience,Bachelor,Smart Ticketing Solution,"FACTORY Phnom Penh, Chbar Ampov, 
                    Phnom Penh, 
                    Cambodia",English - Advanced,1 pax,"Video Editor, Image Annotation",Male/Female,18+,"January 5, 2026","June 30, 2026","As a Data Entry Specialist, you will be responsible for accurately reviewing and annotating video and image footage provided by the client.","• Strong attention to detail and commitment to accuracy.
• Basic computer skills and ability to quickly learn annotation tools (training provided).
• Self-motivated, with the ability to work both independently and as part of a team.
• Good English comprehension, especially written instructions.
• Prior experience in data entry or video/image annotation is a plus but not required.","Review video and image footage and annotate objects, events, or activities (e.g., identifying individuals, vehicles, or unusual movement
• Use the client-provided annotation tools to label data accurately based on set guidelines.
• Maintain a high level of accuracy and consistency in annotations.
• Collaborate with team leads and quality control personnel to ensure outputs meet client expectations.
• Worke fficiently to meet daily and weekly productivity targets.","1. Please register Jobify Account
2. Click
create or upload CV
3. After creating your CV, apply for a job by clicking the
              'Apply Now' button. Jobify will review your CV.",https://jobify.works/jobs/1183
1182,1182,Project Coordinator & Business Analyst (Compliance / AML Projects) (JB-1096),FWD,$500 ~ $1000,Full Time,Senior Level,4 Year +,Bachelor,Insurance,"Tuol Kouk, 
                    Phnom Penh, 
                    Cambodia",English - Advanced,1 pax,"Information Technology, Communication",Male/Female,25-40,"January 5, 2026","June 30, 2026",,"• Proven experience in project management, preferably in compliance, financial services, or IT projects.
• Experience working with cross-functional teams and external vendors.
• Knowledge of AML Compliance is a strong advantage.
• Project management methodologies (e.g., Agile, Waterfall).
• Strong organizational and communication skills.
• Familiarity with compliance and regulatory requirements.","• Oversee Transaction Monitoring and compliance related initiatives from initiation to completion, ensuringalignment with regulatory requirements, internal policies/guidelines and organizational goals.
• Serve as the primary point of contact for internal and external stakeholders on compliance related projectinitiatives.
• Develop project plans, timelines, and resource allocations for compliance initiatives.
• Ensure project milestones and deliverables are met within scope, time, and budget.
• Coordinate with Operations, IT, BA, developer, Group Compliance team and other relevant functions toensure effective implementation of the projects.
• Facilitate cross-functional meetings, track progress, and resolve issues.
• Prepare and present reports to senior management and relevant parties on project progress, findings, andoutcomes.
• Stay updated on industry best practices and emerging compliance trends.
• Support compliance activities and ensure alignment with AML requirements.
• Perform another task as assigned by the manager.","1. Please register Jobify Account
2. Click
create or upload CV
3. After creating your CV, apply for a job by clicking the
              'Apply Now' button. Jobify will review your CV.",https://jobify.works/jobs/1182
1181,1181,Full-Stack Developer (JB-1095),E-Cam Solution,$300 ~ $600,Full Time,Junior Level,2 Year +,Bachelor,Tech-Solution,"Tuol Kouk, 
                    Phnom Penh, 
                    Cambodia",English - Advanced,1 pax,"PHP, Laravel, Node.js",Male/Female,20-30,"December 30, 2025","June 30, 2026","To develop, modify, integrate, implement and maintain the company in-house/supplied computer application software, website, mobile application, database administration and other systems using appropriate programming languages and tools to provide responsive and innovative solutions and new functionality for business users.","• At least a Bachelor degree in Computer Science, engineering, or a related field in order to qualify for this job.
• At least 2 years as Full Stack Developers
• Comfortable working with both frontend and backend.
• Knowledge of multiple languages in backend (PHP and Laravel framework), in frontend Web frameworks (NodeJS, ReactJS, Vue, or Flutter), and in front-end
• Familiar with relational databases (Postgres, MySQL) and with non-relational databases (MongoDB, Couchebase).
• Experience with both manual and automation testing.
• Experience in working with Agile and Hybrid project management approaches.
• Analytic ability to work in a collaborative problem-solving environment.
• Good at organizing, prioritizing, multitasking and time management.
• Curious about new technologies and excited to find ways to implement them in your work.
• Able to work independently and handle project pressure.
• Is highly proficient in spoken and written English
• Have strong communication skills.","• Analyze tasks prepared by the project manager.
• Develop MIS such as ERP systems (web-based and mobile applications) according to the business requirements.
• Write technical and front-user documentation.
• Communicate with the project manager and other team members.
• Other tasks as assigned by the system manager.","1. Please register Jobify Account
2. Click
create or upload CV
3. After creating your CV, apply for a job by clicking the
              'Apply Now' button. Jobify will review your CV.",https://jobify.works/jobs/1181
1175,1175,Tourism & Hospitality Planning and International Operations Officer (JB-1089),SHODOSHIMA,$1000 ~ $1100,Full Time,Senior Level,4 Year +,Bachelor,Cosmetics & Beauty,Japan,English - Advanced,1 pax,"Marketing Strategy, Communication",Male/Female,25-40,"December 18, 2025","May 31, 2026","This position supports the planning and international operations of tourism and hospitality facilities.The role focuses onplanning, coordination, marketing, analysis, and international communication, while also supporting overall operational improvement.It is a professional position that applies university-level knowledge and does not mainly involve simple manual labor.","• Fresh graduate with auniversity graduation certificate(Tourism, Hospitality, International Business, or related fields)
• Possession of adriver’s licenseis an advantage
• Japanese language learning support provided(free resources)
• JLPT N4 level required before visa acquisition
• This role applies academic knowledge in tourism, hospitality, and international business to planning, coordination, and international operations.It is a professional role with diverse responsibilities supporting business operations and meets the requirements of theEngineer / Specialist in Humanities / International Servicesvisa.","Tourism & Service Planning
• Research tourism markets and visitor trends
• Support the design of tourism services, accommodation plans, and guest experience programs
• Review customer feedback and propose service improvements
• Assist in data collection and analysis to enhance service qualityInternational & Inbound Operations
• Coordinate communication with foreign guests and international partners
• Prepare English materials such as service guides and promotional content
• Support inbound tourism operations for international visitors
• Assist multilingual communication to ensure smooth facility operationsMarketing & Promotion Support
• Support overseas and inbound marketing activities
• Assist with international content for websites and social media
• Review marketing results and support improvement planning
• Assist in promotional activities and seasonal campaigns.Operations Support & Improvement
• Support analysis of operational and customer-related data
• Assist in improving workflows and service processes
• Prepare internal reports and planning documents
• Support administrative and operational coordination tasks related to facility manager.","1. Please register Jobify Account
2. Click
create or upload CV
3. After creating your CV, apply for a job by clicking the
              'Apply Now' button. Jobify will review your CV.",https://jobify.works/jobs/1175
1173,1173,Service Engineer (JB-1087),THAKRAL One Company,$300 ~ $400,Full Time,Junior Level,2 Year +,Bachelor,Tech-Solution,"Boeng Keng Kang, 
                    Phnom Penh, 
                    Cambodia",English - Advanced,1 pax,"Software, Computer Science",Male/Female,18+,"December 11, 2025","May 31, 2026",,"• Preferred: Bachelor’s Degree in Electronics, Electrical, Computer Science, orrelated fields.
• 2-3 years relevant experience.Technical Qualification:
• Strong understanding of Laptop, Desktop, Printer, Monitor, etc.
• Hands-on skills in maintenance, repair, software and hardware installation.
• Proficiency with diagnostic tools and technical manuals.","• Install, maintain, and repair Laptop, Desktop, Printer, Monitor, etc.,at client sites or in-house.
• Perform routine inspections and preventive maintenance.
• Troubleshoot hardware/software issues.
• Train users or operators in equipment usage.
• Prepare service reports and maintain documentation.
• Escalate unresolved issues to higher technical support or engineering teams.
• Other Important Aspects:
• Strong interpersonal and customer service skills.
• Understanding of warranties T&C and service-level agreements (SLAs)
• Continual skill development to stay updated with new technologies.","1. Please register Jobify Account
2. Click
create or upload CV
3. After creating your CV, apply for a job by clicking the
              'Apply Now' button. Jobify will review your CV.",https://jobify.works/jobs/1173
1171,1171,Mobile Developer (JB-1085),AMK,$600 ~ $1000,Full Time,Senior Level,3 Year +,Bachelor,Banking & Finance,"Boeng Keng Kang, 
                    Phnom Penh, 
                    Cambodia",English - Advanced,1 pax,"Flutter, Android, IOS",Male/Female,25-40,"December 9, 2025","May 31, 2026","We are looking for a highly experienced Senior Mobile Developer with strong expertise in Flutter and Native Android to lead mobile application development, mentor junior developers, and build high-quality, scalable, and user-friendly apps. The ideal candidate must have strong technical leadership, clean coding practices, and proven experience delivering production-level mobile apps.","• Bachelor’s degree in Computer Science, Software Engineering, or related field.
• 3+ years of hands-on experience in mobile development.
• Strong proficiency in Flutter, Dart language, and Flutter architecture patterns (Bloc, Provider, Riverpod, etc.).
• Solid experience in Native Android development (Kotlin or Swift or Java).
• Experience with Firebase, Google Play Console, App Store deployment.
• Strong understanding of mobile UI/UX guidelines and responsive design.
• Experience with state management, app optimization, and custom widgets.
• Knowledge of REST APIs, JSON, GraphQL (optional).
• Familiar with version control systems (Git) and CI/CD (Fastlane, GitHub Actions, etc.).
• Strong problem-solving skills, leadership, and good communication.","• Design, develop, and maintain cross-platform mobile applications using Flutter.
• Build and improve native Android and iOS apps using Kotlin or Swift /Java is a plus.
• Lead the technical architecture, code reviews, and performance optimization.
• Work closely with product managers, designers, and backend teams to deliver seamless user experiences.
• Integrate mobile apps with RESTful APIs, third-party services, and cloud platforms.
• Ensure high performance, quality, and responsiveness of applications.
• Identify and fix bugs, performance issues, and security vulnerabilities.
• Implement CI/CD pipelines, testing, and automation for mobile development.
• Mentor junior and mid-level mobile developers.
• Stay updated with latest mobile technologies, trends, and best practices.","1. Please register Jobify Account
2. Click
create or upload CV
3. After creating your CV, apply for a job by clicking the
              'Apply Now' button. Jobify will review your CV.",https://jobify.works/jobs/1171
1170,1170,Front-End Developer (JB-1084),AMK,$600 ~ $1000,Full Time,Senior Level,3 Year +,Bachelor,Banking & Finance,"Boeng Keng Kang, 
                    Phnom Penh, 
                    Cambodia",English - Advanced,2 pax,"HTML, Javascript, RESTful",Male/Female,25-40,"December 9, 2025","May 31, 2026","We are looking for a highly skilled Senior Frontend Developer to lead the development of high-quality, user-friendly web applications. The ideal candidate has strong technical expertise, excellent problem-solving skills, and the ability to work closely with designers, backend developers, and product teams to deliver scalable and maintainable solutions.","• Bachelor’s degree in Computer Science or related field (or equivalent experience).
• 3+ years of professional experience in frontend development.
• Strong proficiency in HTML5, CSS3, JavaScript (ES6+).
• Expertise in at least one modern frontend framework such as React, Vue.js, Angular (specify if needed).
• Experience with state management (e.g., Redux, Vuex, Pinia, MobX).
• Strong understanding of REST APIs, backend integration, and microservices.
• Hands-on experience with responsive design, UI/UX best practices, and accessibility standards.
• Proficiency with build tools (Webpack, Vite, npm, yarn, Babel).
• Experience with version control systems (Git, GitHub, GitLab).
• Familiarity with automated testing (Jest, Cypress, Vitest, React Testing Library).
• Strong analytical, troubleshooting, and debugging skills.
• Excellent communication skills and ability to work in a fast-paced environment.","• Lead the design, development, and optimization of modern web interfaces.
• Translate UI/UX design wireframes into high-quality code.
• Ensure the technical feasibility of UI/UX designs and propose improvements.
• Maintain and enhance existing frontend systems and codebases.
• Implement reusable components, libraries, and modular architecture.
• Optimize applications for maximum speed, scalability, and performance.
• Collaborate with cross-functional teams (Product, Backend, QA, Design).
• Drive best practices in code quality, testing, and documentation.
• Mentor and guide junior/mid-level frontend developers.
• Research and adopt new frontend trends, technologies, and tools.","1. Please register Jobify Account
2. Click
create or upload CV
3. After creating your CV, apply for a job by clicking the
              'Apply Now' button. Jobify will review your CV.",https://jobify.works/jobs/1170
1169,1169,Front-End Developer (JB-1083),AMK,$400 ~ $600,Full Time,Medium Level,2 Year +,Bachelor,Banking & Finance,"Boeng Keng Kang, 
                    Phnom Penh, 
                    Cambodia",English - Advanced,2 pax,"UI/UX, HTML, CSS",Male/Female,20-30,"December 9, 2025","May 31, 2026","We are seeking a talented and motivated Mid-Level Frontend Developer to join our growing development team. You will be responsible for building user-friendly, responsive, and high-performance web interfaces. The ideal candidate has strong technical skills, an eye for UI/UX details, and the ability to work collaboratively in an agile environment.","• Bachelor’s degree in Computer Science, Software Engineering, or equivalent practical experience.
• 2+ years of experience as a Frontend Developer or similar role.
• Strong proficiency in HTML5, CSS3, JavaScript (ES6+).
• Hands-on experience with React.js, Vue.js, or Angular (specify based on your stack).
• Familiarity with RESTful APIs, frontend state management, and component-based architecture.
• Experience with modern build tools such as Webpack, Vite, NPM, Yarn, etc.
• Good understanding of responsive design principles, cross-browser compatibility, and web performance optimization.
• Knowledge of Git or other version control systems.
• Ability to debug and solve complex frontend issues.","• Develop, maintain, and optimize user-facing features using modern frontend technologies.
• Convert UI/UX designs into high-quality, responsive interfaces.
• Ensure the technical feasibility of UI/UX designs and propose improvements when necessary.
• Write clean, reusable, and efficient code following best practices and coding standards.
• Collaborate with backend developers, designers, and product managers to deliver high-quality products.
• Optimize applications for maximum speed, scalability, and cross-browser compatibility.
• Implement frontend testing (unit tests, integration tests) to ensure code reliability.
• Participate in code reviews and contribute to continuous improvement of development processes.
• Stay updated with the latest industry trends, tools, and technologies.","1. Please register Jobify Account
2. Click
create or upload CV
3. After creating your CV, apply for a job by clicking the
              'Apply Now' button. Jobify will review your CV.",https://jobify.works/jobs/1169
1168,1168,API Developer (JB-1082),AMK,$500 ~ $800,Full Time,Medium Level,2 Year +,Bachelor,Banking & Finance,"Boeng Keng Kang, 
                    Phnom Penh, 
                    Cambodia",English - Advanced,2 pax,"API, RESTful",Male/Female,20-30,"December 9, 2025","May 31, 2026","We are seeking a skilled Mid-Level API Developer to design, build, and maintain high-quality APIs that support our applications, services, and integrations. The ideal candidate has strong backend development experience, understands API best practices, and can work closely with cross-functional teams to deliver scalable and secure solutions.","• Bachelor’s degree in Computer Science, IT, or related field.
• 2+ years of experience in API development or backend development.
• Strong knowledge of RESTful API design principles.
• Proficiency in at least one backend language/framework: Node.js (Express/NestJS), Java (Spring Boot), Python (FastAPI/Django REST), Go (Gin/Fiber)
• Experience working with relational and/or NoSQL databases (MySQL, PostgreSQL, MongoDB, etc.).
• Understanding of API security, authentication, and authorization.
• Familiar with Git, CI/CD, and containerized environments (Docker).
• Good problem-solving skills and attention to detail.","• Design, develop, and maintain RESTful and/or GraphQL APIs.
• Integrate APIs with internal systems, databases, and third-party services.
• Optimize API performance, reliability, and security.
• Collaborate with frontend, mobile, DevOps, and product teams to deliver robust solutions.
• Write clean, maintainable, and well-documented code following industry best practices.
• Debug, troubleshoot, and resolve API-related issues.
• Participate in code reviews and contribute to continuous improvement.
• Implement authentication/authorization (JWT, OAuth2, API Keys).
• Ensure APIs follow proper versioning, testing, and documentation standards.","1. Please register Jobify Account
2. Click
create or upload CV
3. After creating your CV, apply for a job by clicking the
              'Apply Now' button. Jobify will review your CV.",https://jobify.works/jobs/1168
1167,1167,Quality Assurance Tester (JB-1081),AMK,$500 ~ $800,Full Time,Medium Level,2 Year +,Bachelor,Banking & Finance,"Boeng Keng Kang, 
                    Phnom Penh, 
                    Cambodia",English - Advanced,4 pax,"Testing, DevOps",Male/Female,20-30,"December 9, 2025","May 31, 2026",,"• Bachelor Degree in IT, Banking or related fields.
• Minimum 2 years of experience as Software Quality Assurance and TesterOrganizational and Analytical skills
• Ability to build an automated testing script process and create scripts
• Ability to work effectively as a team member and independently
• Experience creating QA test execution strategies, test plans, test cases, test scripts, updating test matrices and release notes and estimating testing efforts
• Experience creating training material and conduct training
• Strong experience in digital platform
• Experience in DevOps is an advantage
• Ability to act quickly in a crisis situation to make decisions and keep key stakeholders informed of the situation
• A technical knowledge of IT comprehension is required
• Hard-working and well-responsible in works
• Experience in program administration, operating procedures, oversight and monitoring
• Good integrity, positive attitude, helpful and high commitment, competence and motivation
• Good spoken and written English.","• Develops, implements, and manages processes to ensure that products meet required specifications for quality, function, and reliability prior to delivery.
• Identifies and sets appropriate quality standards and parameters for products.
• Process Review, Improvements and Evaluation.
• Communicates quality standards and parameters to QA team, Business Analysis team,
• Development and other appropriate staff.
• Coordinates product-testing processes.
• Execute test cases (manual or automated) and analyze results.
• Conduct post-release/ post-implementation testing.
• Identifies and analyzes issues, bugs, defects, and other problems, particularly when problems recur in multiple products; recommends and facilitates solutions to these issues.
• Coordinate with vendor/developer to fix bug/issue.
• Maintaining Testing Document.
• Reviews client, customer, and user feedback.
• Maintains compliance with federal, state, local, and organizational laws, regulations, guidelines, and policies.
• Research and Explore on Effective Testing Tool to comply with DevOps.
• Work with Developers to achieve Continuous Integration (CI) by embedding automate testing.
• Work with cross-functional teams to ensure quality throughout the software development lifecycle.
• Performs other duties as assigned.","1. Please register Jobify Account
2. Click
create or upload CV
3. After creating your CV, apply for a job by clicking the
              'Apply Now' button. Jobify will review your CV.",https://jobify.works/jobs/1167
1166,1166,Java Developer (JB-1080),AMK,$400 ~ $600,Full Time,Medium Level,2 Year +,Bachelor,Banking & Finance,"Boeng Keng Kang, 
                    Phnom Penh, 
                    Cambodia",English - Advanced,4 pax,"Java, Spring Boot, Backend",Male/Female,20-30,"December 9, 2025","May 31, 2026",,"• Java spring related works
• Container technology such docker or kubernetes
• Postgres DB
• ability to answer the tech question related to the above tech or proof of work with related tech.","• Performing requirement analysis.
• Developing high-quality and detailed designs.
• Conducting unit testing using automated unit test frameworks.
• Identifying risk and conducting mitigation action planning.
• Conducting configuration of your own work.
• Reviewing the work of other developers and providing feedback. - Using coding standards and best practices to ensure quality.","1. Please register Jobify Account
2. Click
create or upload CV
3. After creating your CV, apply for a job by clicking the
              'Apply Now' button. Jobify will review your CV.",https://jobify.works/jobs/1166
1165,1165,Java Developer (JB-1079),AMK,$600 ~ $1000,Full Time,Senior Level,3 Year +,Bachelor,Banking & Finance,"Boeng Keng Kang, 
                    Phnom Penh, 
                    Cambodia",English - Advanced,2 pax,"Java, C#, Backend",Male/Female,25-40,"December 9, 2025","May 31, 2026",we support our employees in their development and growth and help them explore their unique strengths.,"• 3+ years in Java Spring boot with applied real world application
• 3+ years in Net based C# web application
• 2+ experience in Linux distribution such as but limited to RedHat, Ubuntu or CenOS
• 3+ experience in DevOps practice and automation testing
• Experience working for Banking or Financial institution is a plus.",,"1. Please register Jobify Account
2. Click
create or upload CV
3. After creating your CV, apply for a job by clicking the
              'Apply Now' button. Jobify will review your CV.",https://jobify.works/jobs/1165
1164,1164,Mobile Developer (JB-1078),AMK,$400 ~ $600,Full Time,Medium Level,2 Year +,Bachelor,Banking & Finance,"Boeng Keng Kang, 
                    Phnom Penh, 
                    Cambodia",English - Advanced,4 pax,"Flutter, DevOps, Kotlin",Male/Female,20-30,"December 9, 2025","May 31, 2026",,"• Bachelor’s degree in computer science, Information Technology, or a related field.
• 1–2 years of hands-on experience in mobile app development in Flutter (Dart) and Native Android (Kotlin).
• Strong understanding of RESTful APIs, state management, and asynchronous programming.
• Familiarity with VS Code, Xcode, Android Studio, Git, and CI/CD tools (e.g., Jenkins, GitLab CI).
• Understanding of mobile app security, data encryption, and secure local storage.
• Experience with Firebase, push notifications, and app analytics.
• Good communication, teamwork, and problem-solving skills.
• Eagerness to learn and adapt to financial compliance standards and evolving mobile frameworks.
• Wiliness to work in a highly regulated environments is highly preferred.","• Collaborate with product owners, QA, DevOps, and security teams to deliver high-quality software solutions.
• Develop and maintain mobile applications using Flutter (Dart) for cross-platform development.
• Implement native features on (Kotlin) as needed.
• Integrate RESTful APIs and mobile SDKs into mobile solutions.
• Optimize app performance, usability, and responsiveness across different devices.
• Implement secure coding standards, encryption, and authentication mechanisms.
• Participate in code reviews and contribute to improving code quality and best practices.
• Collaborate with the IT Security (ITS) team to ensure compliance with AMK’s security framework and National Bank (TCRMG) requirements.
• Use tools like Firebase, Crashlytics, and App Center to monitor app performance and handle crash analytics.
• Support CI/CD pipelines and assist with app deployment processes to App Store and Google Play.
• Stay updated on new frameworks, SDKs, and technologies in the mobile ecosystem.","1. Please register Jobify Account
2. Click
create or upload CV
3. After creating your CV, apply for a job by clicking the
              'Apply Now' button. Jobify will review your CV.",https://jobify.works/jobs/1164
1163,1163,UX/UI Designer (JB-1077),AMK,$500 ~ $800,Full Time,Medium Level,2 Year +,Bachelor,Banking & Finance,"Boeng Keng Kang, 
                    Phnom Penh, 
                    Cambodia",English - Advanced,4 pax,"Figma, Adobe XD",Male/Female,20-30,"December 9, 2025","May 31, 2026","The UI/UX Designer is responsible for gathering user requirements, designing graphic elements, and building navigation components. design software and wireframe tools. professional design projects that include work with web/mobile applications.","• Bachelor’s degree preferably in Computer Science, Engineering, or a related field.
• 2+ years experiences in design mobile application and web application.
• Experience as a UI/UX Designer or similar role.
• Experience working at software company or MFI or Banking.
• Knowledge of wireframe tools (e.g., Wireframe.cc and In Vision).
• knowledge of design software like Adobe Illustrator and Photoshop.
• Team spirit: strong communication skills to collaborate with various stakeholders.
• Honesty, good interpersonal skills, high motivation and creativity and good time-management skills.
• Confidence, pro-active and ability to work under pressure.","• Gather and evaluate user requirements in collaboration with product managers and engineers.
• Illustrate design ideas using storyboards, process flows and sitemaps.
• Design graphic user interface elements, like menus, tabs, and widgets.
• Build page navigation buttons and search fields.
• Develop UI mockups and prototypes that clearly illustrate how sites function and look like.
• Create original graphic designs (e.g., images, sketch, In vision and tables).
• Prepare and present rough drafts to internal teams and key stakeholders.
• Identify and troubleshoot UX problems (e.g., responsiveness).
• Conduct layout adjustments based on user feedback.
• Adhere to style standards on fonts, colors, and images.
• Multi-task and change from one task to another without loss of efficiency or composure.
• Strong problem solving and decision-making skills while using good judgment.
• Perform other tasks assigned by line manage.","1. Please register Jobify Account
2. Click
create or upload CV
3. After creating your CV, apply for a job by clicking the
              'Apply Now' button. Jobify will review your CV.",https://jobify.works/jobs/1163
1162,1162,Marketing Manager (JB-1076),IBlooming,$900 ~ $1100,Full Time,Manager Level,4 Year +,Bachelor,Information Technology,"Phnom Penh, 
                    Cambodia",English - Advanced,1 pax,"Marketing Strategy, Communication",Male/Female,25-40,"November 28, 2025","May 31, 2026","We are looking for a passionate and dynamicMarketing Managerto lead our marketing and partnership initiatives in Cambodia. The ideal candidate will play a key role in supporting ourAffiliate Membersto close deals, manage partnership collaborations, and coordinate MoU and Agreement Signing Ceremonies.","• Bachelor’s Degree in Marketing, Business Administration, Communications, or related field.
• Minimum 3 years of relevant experience in marketing, partnership, or business development.
• Strong communication and interpersonal skills, both inKhmer and English.
• Good understanding ofdigital marketing tools and strategies.
• Proactive, creative, and results-driven personality.
• Ability to work independently and as part of a multicultural team.","• Support and guideAffiliate Membersin business development and deal-closing activities.
• Initiate and maintainpartnership collaborationswith educational institutions, corporate partners, and organizations.
• Coordinate and overseeMoU / Agreement Signing Ceremonies, press releases, and promotional events.
• Develop and executemarketing strategiesto enhance brand visibility and market reach.
• Plan and managedigital marketing campaigns, including social media, online advertising, and content promotion.
• Collaborate with internal teams to align marketing activities with corporate goals.
• Conductmarket research and competitor analysisto identify new opportunities.
• Manage promotional materials, public relations, and local media engagements.
Prepare monthly reports on marketing performance and partnership outcomes.","1. Please register Jobify Account
2. Click
create or upload CV
3. After creating your CV, apply for a job by clicking the
              'Apply Now' button. Jobify will review your CV.",https://jobify.works/jobs/1162
1161,1161,IT Business Analyst (JB-1075),AMK,$400 ~ $800,Full Time,Medium Level,2 Year +,Bachelor,Banking & Finance,"Boeng Keng Kang, 
                    Phnom Penh, 
                    Cambodia",English - Advanced,1 pax,"Business Analysis, Software, System Analysis",Male/Female,20-30,"November 28, 2025","March 31, 2026",,"• Bachelor Degree in Computer Science or higher
• A minimum of database design, development and administration experience
• A minimum of 1 year experience in business analysis or a related field
• A minimum of 1 year experience in Project Management
• Excellent planning, organizational, and time management skills
• Excellent interpersonal skills and a proven track record
• Leadership skill and ability to manage multiple teams
• Good verbal and written communication skills in both Khmer and English
• Ability to analyse business requirements and functional requirements
• Ability to influence stakeholders and work closely with them to determine acceptable solutions
• Ability to work effectively as a team member and independently
• Experience in Financial Institute is a plus
• Experience in Digital Banking Systems/Products is a plus
• Experience in program administration, operating procedures, oversight and monitoring
• Good integrity, positive attitude, helpful and high commitment, competence and motivation
• A technical knowledge of IT comprehension is required
• Must be able to learn and research for new technologies
• Good in communication across departments and with external vendors
• Willing to work under pressure
• Ability to work as a team or independently
• Creative, Innovative and flexible.","Business Analysis
• Lead requirements gathering efforts and study the importance of the business case and emit project priority level
• Understanding the needs of multiple stakeholders
• Identifying the current and future-state business processes
• Helping the business stakeholders envision the future and how their work will need to change to support the future
• Creating, analyzing, and validating detailed functional specifications
• Facilitating design sessions with the implementation team to define the solution
• Work with technical team to translate requirements into functional and technical specifications including UX/UI, Process Flow, Business
• Liaise with respective departments to define and create Rule, Data Flow, Network Diagram, System Architecture, Database, Structure, Security Compliancy, etc.
• Work with business departments to collect/write test cases before first product release is done
• Delivering elements of systems design, including data migration rules, business rules, wireframes, or other detailed deliverables
• Assist Development Team to make sure the development is met the requirement
• Assist business in testing the delivered product and link to the development team for any discrepancies
• Establish project review to make sure everyone learns from the project experience
Project Management
• Strictly follow the project management framework and methodology;
• Control documents in each project milestone;
• Project Kick-Off: organize the kick-off and prepare the related executive presentation to introduce important project items such as team, plan, budget and risk;
• Schedule: Coordinate with stakeholder to create a project timeline;
• Milestones: Ensure the successful completion of required deliverables/milestones;
• Reporting: Reports regularly to Software and Business Analysis Manager about project status and progress.","1. Please register Jobify Account
2. Click
create or upload CV
3. After creating your CV, apply for a job by clicking the
              'Apply Now' button. Jobify will review your CV.",https://jobify.works/jobs/1161
1160,1160,Software Engineer (JB-1074),NTT,$300 ~ $700,Full Time,Medium Level,1 Year +,Bachelor,Others,"Phnom Penh, 
                    Cambodia",English - Advanced,1 pax,"Python, Javascript, TypeScript",Male/Female,20-30,"November 26, 2025","April 30, 2026","We are looking for a Mid-Level Software Engineer with strong AI/ML capabilities to join our growing tech team. The ideal candidate has solid software engineering fundamentals combined with hands-on experience in building or integrating AI-driven features, machine learning models, or automation systems.
You will work closely with product, backend, and data teams to design and develop scalable systems that leverage modern AI technologies to enhance our products and internal processes.","• Bachelor’s degree in Computer Science, Software Engineering, AI, or related field.
• 2+ years of experience in software development.
• Strong proficiency in Python, JavaScript/TypeScript, or Java.
• Hands-on experience with AI/ML frameworks such as TensorFlow, PyTorch, Scikit-learn, or OpenAI API.
• Knowledge of LLM integration, prompt engineering, or AI-assisted features is a plus.
• Experience with REST APIs, microservices, and cloud platforms (AWS, GCP, Azure).
• Solid understanding of databases (SQL & NoSQL).
• Strong problem-solving skills and ability to work independently.
• Familiarity with Git, CI/CD pipelines, and DevOps practices.","• Design, develop, and maintain software applications with clean, efficient, and scalable code.
• Build, integrate, and deploy AI/ML models into production environments.
• Collaborate with cross-functional teams to identify opportunities to apply AI for product improvement.
• Develop APIs, backend services, and automation tools using modern frameworks.
• Optimize application performance, including model efficiency and system stability.
• Conduct code reviews, testing, and debugging for high-quality releases.
• Stay updated with the latest trends in AI, machine learning, and software engineering.
• Document technical designs, workflows, and development processes.","1. Please register Jobify Account
2. Click
create or upload CV
3. After creating your CV, apply for a job by clicking the
              'Apply Now' button. Jobify will review your CV.",https://jobify.works/jobs/1160
1159,1159,Digital Marketing Executive (JB-1073),NTT,$300 ~ $600,Full Time,Medium Level,1 Year +,Bachelor,Others,"Phnom Penh, 
                    Cambodia",English - Advanced,1 pax,"Marketing Strategy, Communication, Critical Thinking",Male/Female,20-30,"November 26, 2025","March 31, 2026","We are seeking a Mid-Level Digital Marketing Professional with strong hands-on experience in planning, executing, and optimizing online marketing campaigns. The ideal candidate has 2+ years of experience in digital marketing, is data-driven, creative, and capable of managing multiple digital channels to drive brand visibility, user acquisition, and business growth.","• Bachelor’s degree in Marketing, Business, Communications, or related field.
• 2+ years of experience in digital marketing.
• Strong knowledge of Facebook Ads, Google Ads, TikTok Ads, SEO, and analytics.
• Proficiency in tools such as Google Analytics, Meta Business Suite, Google Tag Manager, and basic CMS.
• Experience with Canva or Adobe Suite is a plus.
• Good command of English and Khmer (written and spoken).
• Strong analytical, organizational, and communication skills.
• Ability to work independently and in a team environment.","Digital Campaign Management
• Plan, execute, and optimize digital campaigns across Facebook, Google, TikTok, LinkedIn, and other platforms.
• Manage paid ads (PPC, display ads, video ads) to achieve ROI and performance goals.
• Track daily performance and adjust strategies accordingly.Content & Social Media
• Develop and manage content calendars for social media platforms.
• Work with design and content teams to produce engaging visuals, copy, and videos.
• Monitor engagement, reach, and audience growth.SEO & Website Management
• Perform on-page and off-page SEO to improve website ranking.
• Monitor website performance and coordinate improvements with the web development team.
• Manage landing pages for campaigns.Analytics & Reporting
• Use analytics tools (Google Analytics, Facebook Ads Manager, etc.) to evaluate campaign performance.
• Prepare weekly and monthly performance reports.
• Provide insights and recommendations for future improvements.Brand & Marketing Strategy
• Support the development of digital marketing strategies and brand positioning.
• Maintain consistency of brand identity across all digital channels.
• Research competitors, market trends, and user behavior.","1. Please register Jobify Account
2. Click
create or upload CV
3. After creating your CV, apply for a job by clicking the
              'Apply Now' button. Jobify will review your CV.",https://jobify.works/jobs/1159
1158,1158,Front-End Software Engineer-Core (JB-1072),"CODE CLANS CO., LTD",$800 ~ $1200,Full Time,Senior Level,3 Year +,Bachelor,Software Company,"Sen Sok, 
                    Phnom Penh, 
                    Cambodia",English - Advanced,1 pax,"TypeScript, HTML, CSS",Male/Female,20-30,"November 18, 2025","April 30, 2026","Designs, develops, tests, delivers, maintains, and improves business applications as a member of a team, works across entire software development lifecycle.","• Writes clear, readable, and maintainable code, takes ownership of the quality andusability of code
• Understands how to find and reuse patterns and platforms in the Manulifeecosystem and the broader community
• Good foundation in data structures, algorithms, and OO Design with rock-solidprogramming skills
• Collaborative attitude, willingness to work with team members; able to coach,participate in code reviews, share skills and methods
• Constantly learns from both success and failure
• Good organizational and problem-solving abilities that enable you to managethrough creative abrasion
• Good verbal and written communication; effectively articulates technical vision,possibilities, and outcomes
• Experiments with emerging technologies and understanding how they will impactwhat comes next
• At least 5 year experience in developing web applications using HTML,CSS and TypeScript
• At least 3 year Experience with angular framework.
• Experience with cicd for website deployment is a plus.
• Experience with cloud hosting services with components like static website, app gateway is a plus.
• Advanced level in Git.
• Knowledge on 12FA coding standards.
• Experience with ionic and vue js is a plus.
• BA or Bsc in a technical discipline (computer science, engineering)
• We are committed to be an equal opportunity employer and welcome applications from all suitably qualified persons regardless of their race, sex, disability, religion/belief, sexual orientation or age”.","• Designs, codes, unit tests and integrates new features and functionality as defined bythe PO and team
• Applies creative problem solving that bring software designs to life
• Builds responsive web application
• Promotes agile principles and methodology
• Participates in ideation and brainstorming sessions to devise creative and disruptive digital solutions
• Performs various investigative ""Spikes"" in order to mitigate technical uncertainty and risk
• Assists in the development of automated test harnesses as necessary to ensure delivery of high-quality code
• Updates progress daily through the tracking tool (Jira) or Kanban board
• Completes and ensures completion of any required documentation required e.g.deployment, maintenance, support, and business needs
• Participate in the weekly Look Ahead meetings to assist the Product Owner to refine the
• Product Backlog including providing initial estimates
• Apply disciplined coding practices to enable agility and delivery of high-quality code
• Responsible for assisting the implementation of various projects for application systems
• Work with local and regional team in delivering the projects
• Perform other related tasks as requested.","1. Please register Jobify Account
2. Click
create or upload CV
3. After creating your CV, apply for a job by clicking the
              'Apply Now' button. Jobify will review your CV.",https://jobify.works/jobs/1158
1157,1157,Backend Software Engineer (JB-1071),"CODE CLANS CO., LTD",$800 ~ $1200,Full Time,Senior Level,3 Year +,Bachelor,Software Company,"Sen Sok, 
                    Phnom Penh, 
                    Cambodia",English - Advanced,1 pax,"Postgres, SQL, NoSQL",Male/Female,20-30,"November 18, 2025","May 31, 2026","Designs, develops, tests, delivers, maintains, and improves business applications as a member of a team, works across entire software development lifecycle.","• Writes clear, readable, and maintainable code, takes ownership of thequality and usability of code
• Understands how to find and reuse patterns and platforms in the Manulifeecosystem and the broader community
• Hands-on RDBMS experience in PostgreSQL (data modeling, analysis,programming, stored procedures)
• Good foundation in data structures, algorithms, and OO Design with rocksolid programming skills
• Collaborative attitude, willingness to work with team members; able tocoach, participate in code reviews, share skills and methods
• Constantly learns from both success and failure- - - - - - - - -
• Good organizational and problem-solving abilities that enable you tomanage through creative abrasion
• Good Khmer and English verbal and written communication; effectivelyarticulates technical vision, possibilities, and outcomes
• Experiments with emerging technologies and understanding how they willimpact what comes next
• Experience with NoSQL or Oracle DB or MySQL is an advantage
• Experience with Power BI, Power BI Paginated Report Builder, Power
• Automate is a plus
• Experience with back-end technologies such as: Java EE, Java Spring Boot,
• Docker, Spring Boot with Azure Kubernetes Service (AKS) and APIM is anadvantage
• BA or Bsc in a technical discipline (computer science, engineering)
• Work experience with life insurance company is highly preferred
• We are committed to be an equal opportunity employer and welcomeapplications from all suitably qualified persons regardless of their race, sex,disability, religion/belief, sexual orientation, or age.","• Designs, codes, unit tests and integrates new features and functionality asdefined by the PO and team
• Applies creative problem solving that bring software designs to life
• Builds apps, APIs and data solutions to drive projects
• Promotes agile principles and methodology
• Participates in ideation and brainstorming sessions to devise creative anddisruptive digital solutions
• Performs various investigative ""Spikes"" in order to mitigate technicaluncertainty and risk
• Assists in the development of automated test harnesses as necessary toensure delivery of high-quality code
• Updates progress daily through the tracking tool (Jira) or Kanban board
• Completes and ensures completion of any required documentation requirede.g. deployment, maintenance, support, and business needs
• Participate in the weekly Look Ahead meetings to assist the Product Ownerto refine the Product Backlog including providing initial estimates
• Apply disciplined coding practices to enable agility and delivery of highquality code
• Responsible for assisting the implementation of various projects forapplication systems
• Work with local and regional team in delivering the projects
• Perform other related tasks as requested .","1. Please register Jobify Account
2. Click
create or upload CV
3. After creating your CV, apply for a job by clicking the
              'Apply Now' button. Jobify will review your CV.",https://jobify.works/jobs/1157
